ENVIRONMENTAL_SCORE,,,,,,,,,,,,,,,,,,,,,,,,
,,,,,,,,,,,,,,,,,,,,,,,,
,,,,,,,,,,,,,,,,,,,,,,,,
,,,,,,,,,,,,,,,,,,,,,,,,
,Start Date,42369,,,,,,,,,,,,,,,,,,,,,,
,End Date,,,,,,,,,,,,,,,,,,,,,,,
,,,,,,,,,,,,,,,,,,,,,,,,
,,NVDA US Equity,AVGO US Equity,TSM US Equity,GOOGL US Equity,000660 KS Equity,LRCX US Equity,6857 JP Equity,TSEM IT Equity,MSFT US Equity,LITE US Equity,AMD US Equity,FN US Equity,SNOW US Equity,MU US Equity,TSLA US Equity,9984 JP Equity,CRDO US Equity,ENR GR Equity,MPWR US Equity,2383 TT Equity,CLS CN Equity,META US Equity,AMZN US Equity
,,BESG Environmental Pillar Score,BESG Environmental Pillar Score,BESG Environmental Pillar Score,BESG Environmental Pillar Score,BESG Environmental Pillar Score,BESG Environmental Pillar Score,BESG Environmental Pillar Score,BESG Environmental Pillar Score,BESG Environmental Pillar Score,BESG Environmental Pillar Score,BESG Environmental Pillar Score,BESG Environmental Pillar Score,BESG Environmental Pillar Score,BESG Environmental Pillar Score,BESG Environmental Pillar Score,BESG Environmental Pillar Score,BESG Environmental Pillar Score,BESG Environmental Pillar Score,BESG Environmental Pillar Score,BESG Environmental Pillar Score,BESG Environmental Pillar Score,BESG Environmental Pillar Score,BESG Environmental Pillar Score
,Dates,ENVIRONMENTAL_SCORE,ENVIRONMENTAL_SCORE,ENVIRONMENTAL_SCORE,ENVIRONMENTAL_SCORE,ENVIRONMENTAL_SCORE,ENVIRONMENTAL_SCORE,ENVIRONMENTAL_SCORE,ENVIRONMENTAL_SCORE,ENVIRONMENTAL_SCORE,ENVIRONMENTAL_SCORE,ENVIRONMENTAL_SCORE,ENVIRONMENTAL_SCORE,ENVIRONMENTAL_SCORE,ENVIRONMENTAL_SCORE,ENVIRONMENTAL_SCORE,ENVIRONMENTAL_SCORE,ENVIRONMENTAL_SCORE,ENVIRONMENTAL_SCORE,ENVIRONMENTAL_SCORE,ENVIRONMENTAL_SCORE,ENVIRONMENTAL_SCORE,ENVIRONMENTAL_SCORE,ENVIRONMENTAL_SCORE
,42369,#N/A N/A,#N/A N/A,"3,43","3,96","2,94",#N/A N/A,#N/A N/A,0,#N/A N/A,#N/A N/A,"5,73",#N/A N/A,#N/A N/A,#N/A N/A,"1,65",#N/A N/A,#N/A N/A,#N/A N/A,0,#N/A N/A,"2,43","2,64","0,31"
,42398,"6,48",#N/A N/A,"3,43","3,96","2,94",#N/A N/A,#N/A N/A,0,#N/A N/A,#N/A N/A,"5,73",#N/A N/A,#N/A N/A,#N/A N/A,"1,65",#N/A N/A,#N/A N/A,#N/A N/A,0,#N/A N/A,"2,43","2,64","0,31"
,42429,"6,48",#N/A N/A,"3,43","3,96","2,94",#N/A N/A,#N/A N/A,0,#N/A N/A,#N/A N/A,"5,73",#N/A N/A,#N/A N/A,#N/A N/A,"1,65",#N/A N/A,#N/A N/A,#N/A N/A,0,#N/A N/A,"2,43","2,64","0,31"
,42460,"6,48",#N/A N/A,"3,43","3,96","2,94",#N/A N/A,"5,39",0,#N/A N/A,#N/A N/A,"5,73",#N/A N/A,#N/A N/A,#N/A N/A,"1,65","1,84",#N/A N/A,#N/A N/A,0,#N/A N/A,"2,43","2,64","0,31"
,42489,"6,48",#N/A N/A,"3,43","3,96","2,94",#N/A N/A,"5,39",0,#N/A N/A,#N/A N/A,"5,73",#N/A N/A,#N/A N/A,#N/A N/A,"1,65","1,84",#N/A N/A,#N/A N/A,0,#N/A N/A,"2,43","2,64","0,31"
,42521,"6,48",#N/A N/A,"3,43","3,96","2,94",#N/A N/A,"5,39",0,#N/A N/A,#N/A N/A,"5,73",#N/A N/A,#N/A N/A,#N/A N/A,"1,65","1,84",#N/A N/A,#N/A N/A,0,#N/A N/A,"2,43","2,64","0,31"
,42551,"6,48",#N/A N/A,"3,43","3,96","2,94","4,31","5,39",0,"6,55",#N/A N/A,"5,73",#N/A N/A,#N/A N/A,#N/A N/A,"1,65","1,84",#N/A N/A,#N/A N/A,0,#N/A N/A,"2,43","2,64","0,31"
,42580,"6,48",#N/A N/A,"3,43","3,96","2,94","4,31","5,39",0,"6,55",0,"5,73",#N/A N/A,#N/A N/A,#N/A N/A,"1,65","1,84",#N/A N/A,#N/A N/A,0,#N/A N/A,"2,43","2,64","0,31"
,42613,"6,48",#N/A N/A,"3,43","3,96","2,94","4,31","5,39",0,"6,55",0,"5,73",#N/A N/A,#N/A N/A,#N/A N/A,"1,65","1,84",#N/A N/A,#N/A N/A,0,#N/A N/A,"2,43","2,64","0,31"
,42643,"6,48",#N/A N/A,"3,43","3,96","2,94","4,31","5,39",0,"6,55",0,"5,73",#N/A N/A,#N/A N/A,"2,38","1,65","1,84",#N/A N/A,#N/A N/A,0,#N/A N/A,"2,43","2,64","0,31"
,42674,"6,48",0,"3,43","3,96","2,94","4,31","5,39",0,"6,55",0,"5,73",#N/A N/A,#N/A N/A,"2,38","1,65","1,84",#N/A N/A,#N/A N/A,0,#N/A N/A,"2,43","2,64","0,31"
,42704,"6,48",0,"3,43","3,96","2,94","4,31","5,39",0,"6,55",0,"5,73",#N/A N/A,#N/A N/A,"2,38","1,65","1,84",#N/A N/A,#N/A N/A,0,#N/A N/A,"2,43","2,64","0,31"
,42734,"6,48",0,"3,63","3,1","2,77","4,31","5,39",0,"6,55",0,"6,78",#N/A N/A,#N/A N/A,"2,38","1,65","1,84",#N/A N/A,#N/A N/A,0,#N/A N/A,"2,73","3,67","0,31"
,42766,"6,52",0,"3,63","3,1","2,77","4,31","5,39",0,"6,55",0,"6,78",#N/A N/A,#N/A N/A,"2,38","1,65","1,84",#N/A N/A,#N/A N/A,0,#N/A N/A,"2,73","3,67","0,31"
,42794,"6,52",0,"3,63","3,1","2,77","4,31","5,39",0,"6,55",0,"6,78",#N/A N/A,#N/A N/A,"2,38","1,65","1,84",#N/A N/A,#N/A N/A,0,#N/A N/A,"2,73","3,67","0,31"
,42825,"6,52",0,"3,63","3,1","2,77","4,31","6,07",0,"6,55",0,"6,78",#N/A N/A,#N/A N/A,"2,38","1,65","1,84",#N/A N/A,#N/A N/A,0,#N/A N/A,"2,73","3,67","0,31"
,42853,"6,52",0,"3,63","3,1","2,77","4,31","6,07",0,"6,55",0,"6,78",#N/A N/A,#N/A N/A,"2,38","1,65","1,84",#N/A N/A,#N/A N/A,0,#N/A N/A,"2,73","3,67","0,31"
,42886,"6,52",0,"3,63","3,1","2,77","4,31","6,07",0,"6,55",0,"6,78",#N/A N/A,#N/A N/A,"2,38","1,65","1,84",#N/A N/A,#N/A N/A,0,#N/A N/A,"2,73","3,67","0,31"
,42916,"6,52",0,"3,63","3,1","2,77","5,3","6,07",0,"6,2",0,"6,78",#N/A N/A,#N/A N/A,"2,38","1,65","1,84",#N/A N/A,#N/A N/A,0,#N/A N/A,"2,73","3,67","0,31"
,42947,"6,52",0,"3,63","3,1","2,77","5,3","6,07",0,"6,2",0,"6,78",#N/A N/A,#N/A N/A,"2,38","1,65","1,84",#N/A N/A,#N/A N/A,0,#N/A N/A,"2,73","3,67","0,31"
,42978,"6,52",0,"3,63","3,1","2,77","5,3","6,07",0,"6,2",0,"6,78",#N/A N/A,#N/A N/A,"3,47","1,65","1,84",#N/A N/A,#N/A N/A,0,#N/A N/A,"2,73","3,67","0,31"
,43007,"6,52",0,"3,63","3,1","2,77","5,3","6,07",0,"6,2",0,"6,78",#N/A N/A,#N/A N/A,"3,47","1,65","1,84",#N/A N/A,#N/A N/A,0,#N/A N/A,"2,73","3,67","0,31"
,43039,"6,52",0,"3,63","3,1","2,77","5,3","6,07",0,"6,2",0,"6,78",#N/A N/A,#N/A N/A,"3,47","1,65","1,84",#N/A N/A,#N/A N/A,0,#N/A N/A,"2,73","3,67","0,31"
,43069,"6,52",0,"3,63","3,1","2,77","5,3","6,07",0,"6,2",0,"6,78",#N/A N/A,#N/A N/A,"3,47","1,65","1,84",#N/A N/A,#N/A N/A,0,#N/A N/A,"2,73","3,67","0,31"
,43098,"6,52",0,4,"3,36","3,71","5,3","6,07",0,"6,2",0,"6,88",#N/A N/A,#N/A N/A,"3,47","1,65","1,84",#N/A N/A,#N/A N/A,"1,42",#N/A N/A,"2,92","5,85","0,35"
,43131,"6,91",0,4,"3,36","3,71","5,3","6,07",0,"6,2",0,"6,88",#N/A N/A,#N/A N/A,"3,47","1,65","1,84",#N/A N/A,#N/A N/A,"1,42",#N/A N/A,"2,92","5,85","0,35"
,43159,"6,91",0,4,"3,36","3,71","5,3","6,07",0,"6,2",0,"6,88",#N/A N/A,#N/A N/A,"3,47","1,65","1,84",#N/A N/A,#N/A N/A,"1,42",#N/A N/A,"2,92","5,85","0,35"
,43189,"6,91",0,4,"3,36","3,71","5,3","6,19",0,"6,2",0,"6,88",#N/A N/A,#N/A N/A,"3,47","1,65","1,84",#N/A N/A,#N/A N/A,"1,42",#N/A N/A,"2,92","5,85","0,35"
,43220,"6,91",0,4,"3,36","3,71","5,3","6,19",0,"6,2",0,"6,88",#N/A N/A,#N/A N/A,"3,47","1,65","1,84",#N/A N/A,#N/A N/A,"1,42",#N/A N/A,"2,92","5,85","0,35"
,43251,"6,91",0,4,"3,36","3,71","5,3","6,19",0,"6,2",0,"6,88",#N/A N/A,#N/A N/A,"3,47","1,65","1,84",#N/A N/A,#N/A N/A,"1,42",#N/A N/A,"2,92","5,85","0,35"
,43280,"6,91",0,4,"3,36","3,71","5,59","6,19",0,6,0,"6,88",#N/A N/A,#N/A N/A,"3,47","1,65","1,84",#N/A N/A,#N/A N/A,"1,42",#N/A N/A,"2,92","5,85","0,35"
,43312,"6,91",0,4,"3,36","3,71","5,59","6,19",0,6,0,"6,88",#N/A N/A,#N/A N/A,"3,47","1,65","1,84",#N/A N/A,#N/A N/A,"1,42",#N/A N/A,"2,92","5,85","0,35"
,43343,"6,91",0,4,"3,36","3,71","5,59","6,19",0,6,0,"6,88",#N/A N/A,#N/A N/A,"3,99","1,65","1,84",#N/A N/A,#N/A N/A,"1,42",#N/A N/A,"2,92","5,85","0,35"
,43371,"6,91",0,4,"3,36","3,71","5,59","6,19",0,6,0,"6,88",#N/A N/A,#N/A N/A,"3,99","1,65","1,84",#N/A N/A,#N/A N/A,"1,42",#N/A N/A,"2,92","5,85","0,35"
,43404,"6,91",0,4,"3,36","3,71","5,59","6,19",0,6,0,"6,88",#N/A N/A,#N/A N/A,"3,99","1,65","1,84",#N/A N/A,#N/A N/A,"1,42",#N/A N/A,"2,92","5,85","0,35"
,43434,"6,91",0,4,"3,36","3,71","5,59","6,19",0,6,0,"6,88",#N/A N/A,#N/A N/A,"3,99","1,65","1,84",#N/A N/A,#N/A N/A,"1,42",#N/A N/A,"2,92","5,85","0,35"
,43465,"6,91",0,"4,02","3,29","4,01","5,59","6,19","1,88",6,0,"6,85",#N/A N/A,#N/A N/A,"3,99","1,65","1,84",#N/A N/A,#N/A N/A,"1,44",#N/A N/A,"2,79","5,76","4,31"
,43496,"6,88",0,"4,02","3,29","4,01","5,59","6,19","1,88",6,0,"6,85",#N/A N/A,#N/A N/A,"3,99","1,65","1,84",#N/A N/A,#N/A N/A,"1,44",#N/A N/A,"2,79","5,76","4,31"
,43524,"6,88",0,"4,02","3,29","4,01","5,59","6,19","1,88",6,0,"6,85",#N/A N/A,#N/A N/A,"3,99","1,65","1,84",#N/A N/A,#N/A N/A,"1,44",#N/A N/A,"2,79","5,76","4,31"
,43553,"6,88",0,"4,02","3,29","4,01","5,59","6,34","1,88",6,0,"6,85",#N/A N/A,#N/A N/A,"3,99","1,65","2,13",#N/A N/A,#N/A N/A,"1,44",#N/A N/A,"2,79","5,76","4,31"
,43585,"6,88",0,"4,02","3,29","4,01","5,59","6,34","1,88",6,0,"6,85",#N/A N/A,#N/A N/A,"3,99","1,65","2,13",#N/A N/A,#N/A N/A,"1,44",#N/A N/A,"2,79","5,76","4,31"
,43616,"6,88",0,"4,02","3,29","4,01","5,59","6,34","1,88",6,0,"6,85",#N/A N/A,#N/A N/A,"3,99","1,65","2,13",#N/A N/A,#N/A N/A,"1,44",#N/A N/A,"2,79","5,76","4,31"
,43644,"6,88",0,"4,02","3,29","4,01","5,4","6,34","1,88","5,79",0,"6,85",#N/A N/A,#N/A N/A,"3,99","1,65","2,13",#N/A N/A,#N/A N/A,"1,44",#N/A N/A,"2,79","5,76","4,31"
,43677,"6,88",0,"4,02","3,29","4,01","5,4","6,34","1,88","5,79",0,"6,85",#N/A N/A,#N/A N/A,"3,99","1,65","2,13",#N/A N/A,#N/A N/A,"1,44",#N/A N/A,"2,79","5,76","4,31"
,43707,"6,88",0,"4,02","3,29","4,01","5,4","6,34","1,88","5,79",0,"6,85",#N/A N/A,#N/A N/A,"3,79","1,65","2,13",#N/A N/A,#N/A N/A,"1,44",#N/A N/A,"2,79","5,76","4,31"
,43738,"6,88",0,"4,02","3,29","4,01","5,4","6,34","1,88","5,79",0,"6,85",#N/A N/A,#N/A N/A,"3,79","1,65","2,13",#N/A N/A,#N/A N/A,"1,44",#N/A N/A,"2,79","5,76","4,31"
,43769,"6,88",0,"4,02","3,29","4,01","5,4","6,34","1,88","5,79",0,"6,85",#N/A N/A,#N/A N/A,"3,79","1,65","2,13",#N/A N/A,#N/A N/A,"1,44",#N/A N/A,"2,79","5,76","4,31"
,43798,"6,88",0,"4,02","3,29","4,01","5,4","6,34","1,88","5,79",0,"6,85",#N/A N/A,#N/A N/A,"3,79","1,65","2,13",#N/A N/A,#N/A N/A,"1,44",#N/A N/A,"2,79","5,76","4,31"
,43830,"6,88",0,"3,87","4,4","3,51","5,4","6,34","1,79","5,79",0,"6,89",#N/A N/A,#N/A N/A,"3,79","1,95","2,13",#N/A N/A,#N/A N/A,"1,37",#N/A N/A,"3,37","5,83","3,29"
,43861,"6,67",0,"3,87","4,4","3,51","5,4","6,34","1,79","5,79",0,"6,89",#N/A N/A,#N/A N/A,"3,79","1,95","2,13",#N/A N/A,#N/A N/A,"1,37",#N/A N/A,"3,37","5,83","3,29"
,43889,"6,67",0,"3,87","4,4","3,51","5,4","6,34","1,79","5,79",0,"6,89",#N/A N/A,#N/A N/A,"3,79","1,95","2,13",#N/A N/A,#N/A N/A,"1,37",#N/A N/A,"3,37","5,83","3,29"
,43921,"6,67",0,"3,87","4,4","3,51","5,4","6,46","1,79","5,79",0,"6,89",#N/A N/A,#N/A N/A,"3,79","1,95","2,75",#N/A N/A,#N/A N/A,"1,37",#N/A N/A,"3,37","5,83","3,29"
,43951,"6,67",0,"3,87","4,4","3,51","5,4","6,46","1,79","5,79",0,"6,89",#N/A N/A,#N/A N/A,"3,79","1,95","2,75",#N/A N/A,#N/A N/A,"1,37",#N/A N/A,"3,37","5,83","3,29"
,43980,"6,67",0,"3,87","4,4","3,51","5,4","6,46","1,79","5,79",0,"6,89",#N/A N/A,#N/A N/A,"3,79","1,95","2,75",#N/A N/A,#N/A N/A,"1,37",#N/A N/A,"3,37","5,83","3,29"
,44012,"6,67",0,"3,87","4,4","3,51","4,79","6,46","1,79","5,65",1,"6,89",#N/A N/A,#N/A N/A,"3,79","1,95","2,75",#N/A N/A,#N/A N/A,"1,37",#N/A N/A,"3,37","5,83","3,29"
,44043,"6,67",0,"3,87","4,4","3,51","4,79","6,46","1,79","5,65",1,"6,89",#N/A N/A,#N/A N/A,"3,79","1,95","2,75",#N/A N/A,#N/A N/A,"1,37",#N/A N/A,"3,37","5,83","3,29"
,44074,"6,67",0,"3,87","4,4","3,51","4,79","6,46","1,79","5,65",1,"6,89",#N/A N/A,#N/A N/A,"3,79","1,95","2,75",#N/A N/A,#N/A N/A,"1,37",#N/A N/A,"3,37","5,83","3,29"
,44104,"6,67",0,"3,87","4,4","3,51","4,79","6,46","1,79","5,65",1,"6,89",#N/A N/A,#N/A N/A,"3,6","1,95","2,75",#N/A N/A,"4,41","1,37",#N/A N/A,"3,37","5,83","3,29"
,44134,"6,67",0,"3,87","4,4","3,51","4,79","6,46","1,79","5,65",1,"6,89",#N/A N/A,#N/A N/A,"3,6","1,95","2,75",#N/A N/A,"4,41","1,37",#N/A N/A,"3,37","5,83","3,29"
,44165,"6,67","1,05","3,87","4,4","3,51","4,79","6,46","1,79","5,65",1,"6,89",#N/A N/A,#N/A N/A,"3,6","1,95","2,75",#N/A N/A,"4,41","1,37",#N/A N/A,"3,37","5,83","3,29"
,44196,"6,67","1,05","3,92","5,2","4,08","4,79","6,46","2,4","5,65",1,"6,72",#N/A N/A,#N/A N/A,"3,6","2,67","2,75",#N/A N/A,"4,41","2,67",#N/A N/A,"4,35","7,35","3,6"
,44225,"6,55","1,05","3,92","5,2","4,08","4,79","6,46","2,4","5,65",1,"6,72",#N/A N/A,0,"3,6","2,67","2,75",#N/A N/A,"4,41","2,67",#N/A N/A,"4,35","7,35","3,6"
,44253,"6,55","1,05","3,92","5,2","4,08","4,79","6,46","2,4","5,65",1,"6,72",#N/A N/A,0,"3,6","2,67","2,75",#N/A N/A,"4,41","2,67",#N/A N/A,"4,35","7,35","3,6"
,44286,"6,55","1,05","3,92","5,2","4,08","4,79","6,78","2,4","5,65",1,"6,72",#N/A N/A,0,"3,6","2,67","3,21",#N/A N/A,"4,41","2,67",#N/A N/A,"4,35","7,35","3,6"
,44316,"6,55","1,05","3,92","5,2","4,08","4,79","6,78","2,4","5,65",1,"6,72",#N/A N/A,0,"3,6","2,67","3,21",#N/A N/A,"4,41","2,67",#N/A N/A,"4,35","7,35","3,6"
,44347,"6,55","1,05","3,92","5,2","4,08","4,79","6,78","2,4","5,65",1,"6,72",#N/A N/A,0,"3,6","2,67","3,21",#N/A N/A,"4,41","2,67",#N/A N/A,"4,35","7,35","3,6"
,44377,"6,55","1,05","3,92","5,2","4,08","4,94","6,78","2,4","6,28",1,"6,72","2,76",0,"3,6","2,67","3,21",#N/A N/A,"4,41","2,67",#N/A N/A,"4,35","7,35","3,6"
,44407,"6,55","1,05","3,92","5,2","4,08","4,94","6,78","2,4","6,28",1,"6,72","2,76",0,"3,6","2,67","3,21",#N/A N/A,"4,41","2,67",#N/A N/A,"4,35","7,35","3,6"
,44439,"6,55","1,05","3,92","5,2","4,08","4,94","6,78","2,4","6,28",1,"6,72","2,76",0,"3,6","2,67","3,21",#N/A N/A,"4,41","2,67",#N/A N/A,"4,35","7,35","3,6"
,44469,"6,55","1,05","3,92","5,2","4,08","4,94","6,78","2,4","6,28",1,"6,72","2,76",0,"4,47","2,67","3,21",#N/A N/A,"4,52","2,67",#N/A N/A,"4,35","7,35","3,6"
,44498,"6,55","4,4","3,92","5,2","4,08","4,94","6,78","2,4","6,28",1,"6,72","2,76",0,"4,47","2,67","3,21",#N/A N/A,"4,52","2,67",#N/A N/A,"4,35","7,35","3,6"
,44530,"6,55","4,4","3,92","5,2","4,08","4,94","6,78","2,4","6,28",1,"6,72","2,76",0,"4,47","2,67","3,21",#N/A N/A,"4,52","2,67",#N/A N/A,"4,35","7,35","3,6"
,44561,"6,55","4,4","4,4","5,2","4,65","4,94","6,78","1,26","6,28",1,"7,09","2,76",0,"4,47","5,62","3,21",#N/A N/A,"4,52","3,56","5,09","4,75","7,61","3,79"
,44592,"6,45","4,4","4,4","5,2","4,65","4,94","6,78","1,26","6,28",1,"7,09","2,76",0,"4,47","5,62","3,21",#N/A N/A,"4,52","3,56","5,09","4,75","7,61","3,79"
,44620,"6,45","4,4","4,4","5,2","4,65","4,94","6,78","1,26","6,28",1,"7,09","2,76",0,"4,47","5,62","3,21",#N/A N/A,"4,52","3,56","5,09","4,75","7,61","3,79"
,44651,"6,45","4,4","4,4","5,2","4,65","4,94","6,85","1,26","6,28",1,"7,09","2,76",0,"4,47","5,62","3,81",#N/A N/A,"4,52","3,56","5,09","4,75","7,61","3,79"
,44680,"6,45","4,4","4,4","5,2","4,65","4,94","6,85","1,26","6,28",1,"7,09","2,76",0,"4,47","5,62","3,81",0,"4,52","3,56","5,09","4,75","7,61","3,79"
,44712,"6,45","4,4","4,4","5,2","4,65","4,94","6,85","1,26","6,28",1,"7,09","2,76",0,"4,47","5,62","3,81",0,"4,52","3,56","5,09","4,75","7,61","3,79"
,44742,"6,45","4,4","4,4","5,2","4,65","5,22","6,85","1,26","6,1",1,"7,09","3,41",0,"4,47","5,62","3,81",0,"4,52","3,56","5,09","4,75","7,61","3,79"
,44771,"6,45","4,4","4,4","5,2","4,65","5,22","6,85","1,26","6,1",1,"7,09","3,41",0,"4,47","5,62","3,81",0,"4,52","3,56","5,09","4,75","7,61","3,79"
,44804,"6,45","4,4","4,4","5,2","4,65","5,22","6,85","1,26","6,1",1,"7,09","3,41",0,"4,47","5,62","3,81",0,"4,52","3,56","5,09","4,75","7,61","3,79"
,44834,"6,45","4,4","4,4","5,2","4,65","5,22","6,85","1,26","6,1",1,"7,09","3,41",0,"4,92","5,62","3,81",0,"4,34","3,56","5,09","4,75","7,61","3,79"
,44865,"6,45","4,92","4,4","5,2","4,65","5,22","6,85","1,26","6,1",1,"7,09","3,41",0,"4,92","5,62","3,81",0,"4,34","3,56","5,09","4,75","7,61","3,79"
,44895,"6,45","4,92","4,4","5,2","4,65","5,22","6,85","1,26","6,1",1,"7,09","3,41",0,"4,92","5,62","3,81",0,"4,34","3,56","5,09","4,75","7,61","3,79"
,44925,"6,45","4,92","4,31","5,43","4,57","5,22","6,85","1,99","6,1",1,"7,15","3,41",0,"4,92","4,62","3,81",0,"4,34","4,73","3,53","4,96","7,43","4,35"
,44957,"6,95","4,92","4,31","5,43","4,57","5,22","6,85","1,99","6,1",1,"7,15","3,41",0,"4,92","4,62","3,81",0,"4,34","4,73","3,53","4,96","7,43","4,35"
,44985,"6,95","4,92","4,31","5,43","4,57","5,22","6,85","1,99","6,1",1,"7,15","3,41",0,"4,92","4,62","3,81",0,"4,34","4,73","3,53","4,96","7,43","4,35"
,45016,"6,95","4,92","4,31","5,43","4,57","5,22","7,14","1,99","6,1",1,"7,15","3,41",0,"4,92","4,62","3,85",0,"4,34","4,73","3,53","4,96","7,43","4,35"
,45044,"6,95","4,92","4,31","5,43","4,57","5,22","7,14","1,99","6,1",1,"7,15","3,41",0,"4,92","4,62","3,85",1,"4,34","4,73","3,53","4,96","7,43","4,35"
,45077,"6,95","4,92","4,31","5,43","4,57","5,22","7,14","1,99","6,1",1,"7,15","3,41",0,"4,92","4,62","3,85",1,"4,34","4,73","3,53","4,96","7,43","4,35"
,45107,"6,95","4,92","4,31","5,43","4,57","5,16","7,14","1,99","5,62",1,"7,15","3,3",0,"4,92","4,62","3,85",1,"4,34","4,73","3,53","4,96","7,43","4,35"
,45138,"6,95","4,92","4,31","5,43","4,57","5,16","7,14","1,99","5,62",1,"7,15","3,3",0,"4,92","4,62","3,85",1,"4,34","4,73","3,53","4,96","7,43","4,35"
,45169,"6,95","4,92","4,31","5,43","4,57","5,16","7,14","1,99","5,62",1,"7,15","3,3",0,"3,98","4,62","3,85",1,"4,34","4,73","3,53","4,96","7,43","4,35"
,45198,"6,95","4,92","4,31","5,43","4,57","5,16","7,14","1,99","5,62",1,"7,15","3,3",0,"3,98","4,62","3,85",1,"3,82","4,73","3,53","4,96","7,43","4,35"
,45230,"6,95","4,96","4,31","5,43","4,57","5,16","7,14","1,99","5,62",1,"7,15","3,3",0,"3,98","4,62","3,85",1,"3,82","4,73","3,53","4,96","7,43","4,35"
,45260,"6,95","4,96","4,31","5,43","4,57","5,16","7,14","1,99","5,62",1,"7,15","3,3",0,"3,98","4,62","3,85",1,"3,82","4,73","3,53","4,96","7,43","4,35"
,45289,"6,95","4,96","4,57","5,21","4,41","5,16","7,14","2,98","5,62",1,"7,17","3,3",0,"3,98","4,78","3,85",1,"3,82","4,95","3,42","5,58","7,31","4,24"
,45322,"7,13","4,96","4,57","5,21","4,41","5,16","7,14","2,98","5,62",1,"7,17","3,3",0,"3,98","4,78","3,85",1,"3,82","4,95","3,42","5,58","7,31","4,24"
,45351,"7,13","4,96","4,57","5,21","4,41","5,16","7,14","2,98","5,62",1,"7,17","3,3",0,"3,98","4,78","3,85",1,"3,82","4,95","3,42","5,58","7,31","4,24"
,45380,"7,13","4,96","4,57","5,21","4,41","5,16","7,28","2,98","5,62",1,"7,17","3,3",0,"3,98","4,78","6,61",1,"3,82","4,95","3,42","5,58","7,31","4,24"
,45412,"7,13","4,96","4,57","5,21","4,41","5,16","7,28","2,98","5,62",1,"7,17","3,3",0,"3,98","4,78","6,61",1,"3,82","4,95","3,42","5,58","7,31","4,24"
,45443,"7,13","4,96","4,57","5,21","4,41","5,16","7,28","2,98","5,62",1,"7,17","3,3",0,"3,98","4,78","6,61",1,"3,82","4,95","3,42","5,58","7,31","4,24"
,45471,"7,13","4,96","4,57","5,21","4,41","5,21","7,28","2,98","5,62",1,"7,17","4,2",0,"3,98","4,78","6,61",1,"3,82","4,95","3,42","5,58","7,31","4,24"
,45504,"7,13","4,96","4,57","5,21","4,41","5,21","7,28","2,98","5,62",1,"7,17","4,2",0,"3,98","4,78","6,61",1,"3,82","4,95","3,42","5,58","7,31","4,24"
,45534,"7,13","4,96","4,57","5,21","4,41","5,21","7,28","2,98","5,62",1,"7,17","4,2",0,"3,98","4,78","6,61",1,"3,82","4,95","3,42","5,58","7,31","4,24"
,45565,"7,13","4,96","4,57","5,21","4,41","5,21","7,28","2,98","5,62",1,"7,17","4,2",0,"3,98","4,78","6,61",1,"3,82","4,95","3,42","5,58","7,31","4,24"
,45596,"7,13","4,96","4,57","5,21","4,41","5,21","7,28","2,98","5,62",1,"7,17","4,2",0,"3,98","4,78","6,61",1,"3,82","4,95","3,42","5,58","7,31","4,24"
,45625,"7,13","4,96","4,57","5,21","4,41","5,21","7,28","2,98","5,62",1,"7,17","4,2",0,"3,98","4,78","6,61",1,"3,82","4,95","3,42","5,58","7,31","4,24"
,45657,"7,13","4,96","4,57","5,21","4,41","5,21","7,28","2,98","5,62",1,"7,17","4,2",0,"3,98","4,62","6,61",1,"3,82","4,95","4,41","5,58","7,31","4,24"
,45688,"7,13","4,96","4,57","5,21","4,41","5,21","7,28","2,98","5,62",1,"7,17","4,2",0,"3,98","4,62","6,61",1,"3,82","4,95","4,41","5,58","7,31","4,24"
,45716,"7,13","4,96","4,57","5,21","4,41","5,21","7,28","2,98","5,62",1,"7,17","4,2",0,"3,98","4,62","6,61",1,"3,82","4,95","4,41","5,58","7,31","4,24"
,45747,"7,13","4,96","4,57","5,21","4,41","5,21","7,28","2,98","5,62",1,"7,17","4,2",0,"3,98","4,62","6,61",1,"3,82","4,95","4,41","5,58","7,31","4,24"
,45777,"7,13","4,96","4,57","5,21","4,41","5,21","7,28","2,98","5,62",1,"7,17","4,2",0,"3,98","4,62","6,61",1,"3,82","4,95","4,41","5,58","7,31","4,24"
,45807,"7,13","4,96","4,57","5,21","4,41","5,21","7,28","2,98","5,62",1,"7,17","4,2",0,"3,98","4,62","6,61",1,"3,82","4,95","4,41","5,58","7,31","4,24"
,45838,"7,13","4,96","4,57","5,21","4,41","5,21","7,28","2,98","5,62",1,"7,17","4,2",0,"3,98","4,62","6,61",1,"3,82","4,95","4,41","5,58","7,31","4,24"
,45869,"7,13","4,96","4,57","5,21","4,41","5,21","7,28","2,98","5,62",1,"7,17","4,2",0,"3,98","4,62","6,61",1,"3,82","4,95","4,41","5,58","7,31","4,24"
,45898,"7,13","4,96","4,57","5,21","4,41","5,21","7,28","2,98","5,62",1,"7,17","4,2",0,"3,98","4,62","6,61",1,"3,82","4,95","4,41","5,58","7,31","4,24"
,45930,"7,13","4,96","4,57","5,21","4,41","5,21","7,28","2,98","5,62",1,"7,17","4,2",0,"3,98","4,62","6,61",1,"3,82","4,95","4,41","5,58","7,31","4,24"
,45961,"7,13","4,96","4,57","5,21","4,41","5,21","7,28","2,98","5,62",1,"7,17","4,2",0,"3,98","4,62","6,61",1,"3,82","4,95","4,41","5,58","7,31","4,24"
,45989,"7,13","4,96","4,57","5,21","4,41","5,21","7,28","2,98","5,62",1,"7,17","4,2",0,"3,98","4,62","6,61",1,"3,82","4,95","4,41","5,58","7,31","4,24"
,46022,"7,13","4,96","4,57","5,21","4,41","5,21","7,28","2,98","5,62",1,"7,17","4,2",0,"3,98","4,62","6,61",1,"3,82","4,95","4,41","5,58","7,31","4,24"
,46052,"7,13","4,96","4,57","5,21","4,41","5,21","7,28","2,98","5,62",1,"7,17","4,2",0,"3,98","4,62","6,61",1,"3,82","4,95","4,41","5,58","7,31","4,24"